node idx,drug id
0,DB00001
1,DB00002
2,DB00004
3,DB00005
4,DB00006
5,DB00007
6,DB00008
7,DB00009
8,DB00011
9,DB00012
10,DB00013
11,DB00014
12,DB00015
13,DB00016
14,DB00017
15,DB00018
16,DB00019
17,DB00020
18,DB00022
19,DB00023
20,DB00024
21,DB00025
22,DB00026
23,DB00027
24,DB00028
25,DB00029
26,DB00030
27,DB00031
28,DB00033
29,DB00034
30,DB00035
31,DB00036
32,DB00039
33,DB00040
34,DB00041
35,DB00042
36,DB00043
37,DB00046
38,DB00047
39,DB00048
40,DB00049
41,DB00051
42,DB00052
43,DB00054
44,DB00055
45,DB00056
46,DB00057
47,DB00058
48,DB00059
49,DB00060
50,DB00061
51,DB00063
52,DB00065
53,DB00066
54,DB00067
55,DB00068
56,DB00069
57,DB00070
58,DB00071
59,DB00072
60,DB00073
61,DB00074
62,DB00075
63,DB00076
64,DB00078
65,DB00080
66,DB00081
67,DB00082
68,DB00083
69,DB00085
70,DB00086
71,DB00087
72,DB00089
73,DB00091
74,DB00092
75,DB00093
76,DB00095
77,DB00098
78,DB00099
79,DB00100
80,DB00103
81,DB00104
82,DB00105
83,DB00107
84,DB00108
85,DB00109
86,DB00110
87,DB00111
88,DB00112
89,DB00113
90,DB00115
91,DB00116
92,DB00118
93,DB00120
94,DB00122
95,DB00126
96,DB00127
97,DB00130
98,DB00132
99,DB00134
100,DB00136
101,DB00139
102,DB00140
103,DB00142
104,DB00145
105,DB00146
106,DB00150
107,DB00152
108,DB00153
109,DB00155
110,DB00158
111,DB00159
112,DB00162
113,DB00163
114,DB00165
115,DB00166
116,DB00168
117,DB00169
118,DB00170
119,DB00173
120,DB00175
121,DB00176
122,DB00177
123,DB00178
124,DB00179
125,DB00180
126,DB00181
127,DB00182
128,DB00184
129,DB00185
130,DB00186
131,DB00187
132,DB00188
133,DB00189
134,DB00190
135,DB00191
136,DB00193
137,DB00194
138,DB00195
139,DB00196
140,DB00197
141,DB00198
142,DB00199
143,DB00200
144,DB00201
145,DB00202
146,DB00203
147,DB00204
148,DB00205
149,DB00206
150,DB00207
151,DB00208
152,DB00209
153,DB00210
154,DB00211
155,DB00212
156,DB00213
157,DB00214
158,DB00215
159,DB00216
160,DB00217
161,DB00218
162,DB00219
163,DB00220
164,DB00221
165,DB00222
166,DB00223
167,DB00224
168,DB00225
169,DB00226
170,DB00227
171,DB00228
172,DB00229
173,DB00230
174,DB00231
175,DB00232
176,DB00233
177,DB00234
178,DB00235
179,DB00236
180,DB00237
181,DB00238
182,DB00239
183,DB00240
184,DB00241
185,DB00242
186,DB00243
187,DB00244
188,DB00245
189,DB00246
190,DB00247
191,DB00248
192,DB00250
193,DB00252
194,DB00253
195,DB00254
196,DB00255
197,DB00256
198,DB00257
199,DB00258
200,DB00259
201,DB00260
202,DB00261
203,DB00262
204,DB00263
205,DB00264
206,DB00266
207,DB00267
208,DB00268
209,DB00269
210,DB00270
211,DB00271
212,DB00273
213,DB00274
214,DB00275
215,DB00276
216,DB00277
217,DB00278
218,DB00279
219,DB00280
220,DB00281
221,DB00282
222,DB00283
223,DB00284
224,DB00285
225,DB00286
226,DB00287
227,DB00288
228,DB00289
229,DB00290
230,DB00291
231,DB00292
232,DB00293
233,DB00294
234,DB00295
235,DB00296
236,DB00297
237,DB00298
238,DB00299
239,DB00300
240,DB00301
241,DB00302
242,DB00303
243,DB00304
244,DB00305
245,DB00306
246,DB00307
247,DB00308
248,DB00309
249,DB00310
250,DB00311
251,DB00312
252,DB00313
253,DB00314
254,DB00315
255,DB00316
256,DB00317
257,DB00318
258,DB00319
259,DB00320
260,DB00321
261,DB00322
262,DB00323
263,DB00324
264,DB00325
265,DB00326
266,DB00327
267,DB00328
268,DB00330
269,DB00331
270,DB00332
271,DB00333
272,DB00334
273,DB00335
274,DB00337
275,DB00338
276,DB00339
277,DB00340
278,DB00341
279,DB00342
280,DB00343
281,DB00344
282,DB00345
283,DB00346
284,DB00347
285,DB00349
286,DB00350
287,DB00351
288,DB00352
289,DB00353
290,DB00354
291,DB00355
292,DB00356
293,DB00357
294,DB00358
295,DB00359
296,DB00360
297,DB00361
298,DB00362
299,DB00363
300,DB00364
301,DB00365
302,DB00366
303,DB00367
304,DB00368
305,DB00369
306,DB00370
307,DB00371
308,DB00372
309,DB00373
310,DB00374
311,DB00375
312,DB00376
313,DB00377
314,DB00378
315,DB00379
316,DB00380
317,DB00381
318,DB00382
319,DB00383
320,DB00384
321,DB00385
322,DB00387
323,DB00388
324,DB00389
325,DB00390
326,DB00391
327,DB00392
328,DB00393
329,DB00394
330,DB00395
331,DB00396
332,DB00397
333,DB00398
334,DB00399
335,DB00400
336,DB00401
337,DB00402
338,DB00404
339,DB00405
340,DB00407
341,DB00408
342,DB00409
343,DB00410
344,DB00411
345,DB00412
346,DB00413
347,DB00414
348,DB00415
349,DB00416
350,DB00417
351,DB00418
352,DB00420
353,DB00421
354,DB00422
355,DB00423
356,DB00424
357,DB00425
358,DB00426
359,DB00427
360,DB00428
361,DB00429
362,DB00430
363,DB00431
364,DB00432
365,DB00433
366,DB00434
367,DB00435
368,DB00436
369,DB00437
370,DB00438
371,DB00439
372,DB00440
373,DB00441
374,DB00442
375,DB00443
376,DB00444
377,DB00445
378,DB00446
379,DB00447
380,DB00448
381,DB00449
382,DB00450
383,DB00451
384,DB00452
385,DB00453
386,DB00454
387,DB00455
388,DB00456
389,DB00457
390,DB00458
391,DB00459
392,DB00460
393,DB00461
394,DB00462
395,DB00463
396,DB00465
397,DB00467
398,DB00468
399,DB00469
400,DB00470
401,DB00471
402,DB00472
403,DB00474
404,DB00475
405,DB00476
406,DB00477
407,DB00478
408,DB00479
409,DB00480
410,DB00481
411,DB00482
412,DB00483
413,DB00484
414,DB00485
415,DB00486
416,DB00487
417,DB00488
418,DB00489
419,DB00490
420,DB00491
421,DB00492
422,DB00493
423,DB00494
424,DB00495
425,DB00496
426,DB00497
427,DB00498
428,DB00499
429,DB00500
430,DB00501
431,DB00502
432,DB00503
433,DB00504
434,DB00505
435,DB00508
436,DB00511
437,DB00512
438,DB00513
439,DB00514
440,DB00515
441,DB00516
442,DB00517
443,DB00518
444,DB00519
445,DB00520
446,DB00521
447,DB00523
448,DB00524
449,DB00526
450,DB00527
451,DB00528
452,DB00529
453,DB00530
454,DB00531
455,DB00532
456,DB00533
457,DB00535
458,DB00536
459,DB00537
460,DB00539
461,DB00540
462,DB00541
463,DB00542
464,DB00543
465,DB00544
466,DB00545
467,DB00546
468,DB00547
469,DB00548
470,DB00549
471,DB00550
472,DB00551
473,DB00552
474,DB00553
475,DB00554
476,DB00555
477,DB00556
478,DB00557
479,DB00558
480,DB00559
481,DB00560
482,DB00561
483,DB00562
484,DB00563
485,DB00564
486,DB00565
487,DB00566
488,DB00567
489,DB00568
490,DB00569
491,DB00570
492,DB00571
493,DB00572
494,DB00573
495,DB00574
496,DB00575
497,DB00576
498,DB00577
499,DB00578
500,DB00579
501,DB00580
502,DB00581
503,DB00582
504,DB00583
505,DB00584
506,DB00585
507,DB00586
508,DB00588
509,DB00589
510,DB00590
511,DB00591
512,DB00592
513,DB00593
514,DB00594
515,DB00595
516,DB00596
517,DB00597
518,DB00598
519,DB00599
520,DB00601
521,DB00602
522,DB00603
523,DB00604
524,DB00605
525,DB00606
526,DB00607
527,DB00608
528,DB00609
529,DB00610
530,DB00611
531,DB00612
532,DB00613
533,DB00614
534,DB00615
535,DB00616
536,DB00617
537,DB00618
538,DB00619
539,DB00620
540,DB00621
541,DB00622
542,DB00623
543,DB00624
544,DB00625
545,DB00626
546,DB00627
547,DB00628
548,DB00629
549,DB00630
550,DB00631
551,DB00633
552,DB00634
553,DB00635
554,DB00636
555,DB00637
556,DB00640
557,DB00641
558,DB00642
559,DB00643
560,DB00644
561,DB00645
562,DB00646
563,DB00647
564,DB00648
565,DB00649
566,DB00650
567,DB00651
568,DB00652
569,DB00653
570,DB00654
571,DB00655
572,DB00656
573,DB00657
574,DB00658
575,DB00660
576,DB00661
577,DB00662
578,DB00663
579,DB00664
580,DB00665
581,DB00666
582,DB00668
583,DB00669
584,DB00670
585,DB00671
586,DB00672
587,DB00673
588,DB00674
589,DB00675
590,DB00677
591,DB00678
592,DB00679
593,DB00680
594,DB00681
595,DB00682
596,DB00683
597,DB00684
598,DB00685
599,DB00686
600,DB00687
601,DB00688
602,DB00689
603,DB00690
604,DB00691
605,DB00692
606,DB00693
607,DB00694
608,DB00695
609,DB00696
610,DB00697
611,DB00698
612,DB00699
613,DB00700
614,DB00701
615,DB00703
616,DB00704
617,DB00705
618,DB00706
619,DB00707
620,DB00708
621,DB00709
622,DB00710
623,DB00711
624,DB00712
625,DB00713
626,DB00714
627,DB00715
628,DB00716
629,DB00717
630,DB00718
631,DB00719
632,DB00720
633,DB00721
634,DB00722
635,DB00723
636,DB00724
637,DB00725
638,DB00726
639,DB00727
640,DB00728
641,DB00730
642,DB00731
643,DB00732
644,DB00733
645,DB00734
646,DB00736
647,DB00737
648,DB00738
649,DB00739
650,DB00740
651,DB00741
652,DB00742
653,DB00743
654,DB00744
655,DB00745
656,DB00746
657,DB00747
658,DB00748
659,DB00749
660,DB00750
661,DB00751
662,DB00752
663,DB00753
664,DB00754
665,DB00755
666,DB00757
667,DB00758
668,DB00759
669,DB00760
670,DB00761
671,DB00762
672,DB00763
673,DB00764
674,DB00765
675,DB00766
676,DB00767
677,DB00769
678,DB00770
679,DB00771
680,DB00772
681,DB00773
682,DB00774
683,DB00775
684,DB00776
685,DB00777
686,DB00778
687,DB00779
688,DB00780
689,DB00781
690,DB00782
691,DB00783
692,DB00784
693,DB00785
694,DB00787
695,DB00788
696,DB00789
697,DB00790
698,DB00791
699,DB00792
700,DB00793
701,DB00794
702,DB00795
703,DB00796
704,DB00797
705,DB00798
706,DB00799
707,DB00800
708,DB00801
709,DB00802
710,DB00803
711,DB00804
712,DB00805
713,DB00806
714,DB00807
715,DB00808
716,DB00809
717,DB00810
718,DB00811
719,DB00812
720,DB00813
721,DB00814
722,DB00816
723,DB00817
724,DB00818
725,DB00819
726,DB00820
727,DB00821
728,DB00822
729,DB00823
730,DB00825
731,DB00826
732,DB00827
733,DB00828
734,DB00829
735,DB00830
736,DB00831
737,DB00832
738,DB00833
739,DB00834
740,DB00835
741,DB00836
742,DB00837
743,DB00838
744,DB00839
745,DB00841
746,DB00842
747,DB00843
748,DB00844
749,DB00845
750,DB00846
751,DB00847
752,DB00848
753,DB00849
754,DB00850
755,DB00851
756,DB00852
757,DB00853
758,DB00854
759,DB00855
760,DB00856
761,DB00857
762,DB00859
763,DB00860
764,DB00861
765,DB00862
766,DB00863
767,DB00864
768,DB00865
769,DB00866
770,DB00867
771,DB00869
772,DB00870
773,DB00871
774,DB00872
775,DB00873
776,DB00875
777,DB00876
778,DB00877
779,DB00879
780,DB00880
781,DB00881
782,DB00882
783,DB00883
784,DB00884
785,DB00886
786,DB00887
787,DB00888
788,DB00889
789,DB00890
790,DB00891
791,DB00892
792,DB00893
793,DB00894
794,DB00895
795,DB00896
796,DB00897
797,DB00898
798,DB00899
799,DB00900
800,DB00901
801,DB00902
802,DB00903
803,DB00904
804,DB00905
805,DB00906
806,DB00907
807,DB00908
808,DB00909
809,DB00910
810,DB00911
811,DB00912
812,DB00913
813,DB00914
814,DB00915
815,DB00916
816,DB00917
817,DB00918
818,DB00919
819,DB00920
820,DB00921
821,DB00922
822,DB00923
823,DB00924
824,DB00925
825,DB00926
826,DB00927
827,DB00928
828,DB00929
829,DB00930
830,DB00931
831,DB00932
832,DB00933
833,DB00934
834,DB00935
835,DB00936
836,DB00937
837,DB00938
838,DB00939
839,DB00940
840,DB00941
841,DB00942
842,DB00943
843,DB00944
844,DB00945
845,DB00946
846,DB00947
847,DB00948
848,DB00949
849,DB00950
850,DB00951
851,DB00952
852,DB00953
853,DB00954
854,DB00955
855,DB00956
856,DB00957
857,DB00958
858,DB00959
859,DB00960
860,DB00961
861,DB00962
862,DB00963
863,DB00964
864,DB00965
865,DB00966
866,DB00967
867,DB00968
868,DB00969
869,DB00970
870,DB00972
871,DB00973
872,DB00974
873,DB00975
874,DB00976
875,DB00977
876,DB00978
877,DB00979
878,DB00980
879,DB00981
880,DB00982
881,DB00983
882,DB00984
883,DB00985
884,DB00986
885,DB00987
886,DB00988
887,DB00989
888,DB00990
889,DB00991
890,DB00993
891,DB00994
892,DB00995
893,DB00996
894,DB00997
895,DB00998
896,DB00999
897,DB01000
898,DB01001
899,DB01002
900,DB01004
901,DB01005
902,DB01006
903,DB01007
904,DB01008
905,DB01009
906,DB01010
907,DB01011
908,DB01012
909,DB01013
910,DB01014
911,DB01015
912,DB01016
913,DB01017
914,DB01018
915,DB01019
916,DB01020
917,DB01021
918,DB01022
919,DB01023
920,DB01024
921,DB01026
922,DB01028
923,DB01029
924,DB01030
925,DB01032
926,DB01033
927,DB01034
928,DB01035
929,DB01036
930,DB01037
931,DB01038
932,DB01039
933,DB01041
934,DB01042
935,DB01043
936,DB01044
937,DB01045
938,DB01046
939,DB01047
940,DB01048
941,DB01049
942,DB01050
943,DB01051
944,DB01053
945,DB01054
946,DB01056
947,DB01057
948,DB01058
949,DB01059
950,DB01060
951,DB01061
952,DB01062
953,DB01063
954,DB01064
955,DB01065
956,DB01066
957,DB01067
958,DB01068
959,DB01069
960,DB01070
961,DB01071
962,DB01072
963,DB01073
964,DB01074
965,DB01075
966,DB01076
967,DB01077
968,DB01078
969,DB01079
970,DB01080
971,DB01081
972,DB01082
973,DB01083
974,DB01084
975,DB01085
976,DB01086
977,DB01087
978,DB01088
979,DB01089
980,DB01090
981,DB01092
982,DB01093
983,DB01094
984,DB01095
985,DB01096
986,DB01097
987,DB01098
988,DB01099
989,DB01100
990,DB01101
991,DB01102
992,DB01103
993,DB01104
994,DB01105
995,DB01106
996,DB01107
997,DB01108
998,DB01109
999,DB01110
1000,DB01111
1001,DB01112
1002,DB01113
1003,DB01114
1004,DB01115
1005,DB01116
1006,DB01117
1007,DB01118
1008,DB01119
1009,DB01120
1010,DB01121
1011,DB01122
1012,DB01124
1013,DB01126
1014,DB01127
1015,DB01128
1016,DB01129
1017,DB01130
1018,DB01131
1019,DB01132
1020,DB01133
1021,DB01134
1022,DB01135
1023,DB01136
1024,DB01137
1025,DB01138
1026,DB01139
1027,DB01140
1028,DB01141
1029,DB01142
1030,DB01143
1031,DB01144
1032,DB01146
1033,DB01147
1034,DB01148
1035,DB01149
1036,DB01150
1037,DB01151
1038,DB01152
1039,DB01154
1040,DB01155
1041,DB01156
1042,DB01157
1043,DB01158
1044,DB01159
1045,DB01160
1046,DB01161
1047,DB01162
1048,DB01163
1049,DB01164
1050,DB01165
1051,DB01166
1052,DB01167
1053,DB01168
1054,DB01169
1055,DB01170
1056,DB01171
1057,DB01172
1058,DB01173
1059,DB01174
1060,DB01175
1061,DB01176
1062,DB01177
1063,DB01178
1064,DB01180
1065,DB01181
1066,DB01182
1067,DB01183
1068,DB01184
1069,DB01185
1070,DB01186
1071,DB01188
1072,DB01189
1073,DB01190
1074,DB01191
1075,DB01192
1076,DB01193
1077,DB01194
1078,DB01195
1079,DB01196
1080,DB01197
1081,DB01198
1082,DB01199
1083,DB01200
1084,DB01201
1085,DB01202
1086,DB01203
1087,DB01204
1088,DB01205
1089,DB01206
1090,DB01207
1091,DB01208
1092,DB01209
1093,DB01210
1094,DB01211
1095,DB01212
1096,DB01213
1097,DB01214
1098,DB01215
1099,DB01216
1100,DB01217
1101,DB01218
1102,DB01219
1103,DB01220
1104,DB01221
1105,DB01222
1106,DB01223
1107,DB01224
1108,DB01225
1109,DB01226
1110,DB01227
1111,DB01228
1112,DB01229
1113,DB01231
1114,DB01232
1115,DB01233
1116,DB01234
1117,DB01235
1118,DB01236
1119,DB01238
1120,DB01239
1121,DB01240
1122,DB01241
1123,DB01242
1124,DB01243
1125,DB01244
1126,DB01245
1127,DB01246
1128,DB01247
1129,DB01248
1130,DB01249
1131,DB01250
1132,DB01251
1133,DB01252
1134,DB01253
1135,DB01254
1136,DB01255
1137,DB01256
1138,DB01257
1139,DB01259
1140,DB01260
1141,DB01261
1142,DB01262
1143,DB01263
1144,DB01264
1145,DB01265
1146,DB01267
1147,DB01268
1148,DB01269
1149,DB01270
1150,DB01273
1151,DB01274
1152,DB01275
1153,DB01276
1154,DB01277
1155,DB01278
1156,DB01280
1157,DB01281
1158,DB01282
1159,DB01283
1160,DB01284
1161,DB01285
1162,DB01288
1163,DB01289
1164,DB01291
1165,DB01294
1166,DB01295
1167,DB01296
1168,DB01297
1169,DB01298
1170,DB01299
1171,DB01301
1172,DB01303
1173,DB01306
1174,DB01307
1175,DB01309
1176,DB01319
1177,DB01320
1178,DB01321
1179,DB01323
1180,DB01324
1181,DB01325
1182,DB01326
1183,DB01327
1184,DB01328
1185,DB01329
1186,DB01330
1187,DB01331
1188,DB01332
1189,DB01333
1190,DB01336
1191,DB01337
1192,DB01338
1193,DB01339
1194,DB01340
1195,DB01342
1196,DB01344
1197,DB01345
1198,DB01347
1199,DB01348
1200,DB01349
1201,DB01351
1202,DB01352
1203,DB01353
1204,DB01354
1205,DB01355
1206,DB01356
1207,DB01357
1208,DB01359
1209,DB01362
1210,DB01363
1211,DB01364
1212,DB01365
1213,DB01366
1214,DB01367
1215,DB01369
1216,DB01370
1217,DB01373
1218,DB01377
1219,DB01378
1220,DB01380
1221,DB01381
1222,DB01382
1223,DB01384
1224,DB01388
1225,DB01390
1226,DB01392
1227,DB01393
1228,DB01394
1229,DB01395
1230,DB01396
1231,DB01397
1232,DB01399
1233,DB01400
1234,DB01401
1235,DB01403
1236,DB01404
1237,DB01405
1238,DB01406
1239,DB01407
1240,DB01408
1241,DB01409
1242,DB01410
1243,DB01411
1244,DB01412
1245,DB01413
1246,DB01414
1247,DB01415
1248,DB01416
1249,DB01418
1250,DB01419
1251,DB01420
1252,DB01421
1253,DB01422
1254,DB01423
1255,DB01424
1256,DB01425
1257,DB01426
1258,DB01427
1259,DB01428
1260,DB01429
1261,DB01431
1262,DB01432
1263,DB01433
1264,DB01434
1265,DB01435
1266,DB01436
1267,DB01437
1268,DB01438
1269,DB01440
1270,DB01442
1271,DB01445
1272,DB01450
1273,DB01452
1274,DB01454
1275,DB01456
1276,DB01459
1277,DB01463
1278,DB01466
1279,DB01467
1280,DB01471
1281,DB01472
1282,DB01481
1283,DB01482
1284,DB01483
1285,DB01484
1286,DB01485
1287,DB01488
1288,DB01489
1289,DB01495
1290,DB01496
1291,DB01497
1292,DB01501
1293,DB01509
1294,DB01510
1295,DB01511
1296,DB01520
1297,DB01521
1298,DB01524
1299,DB01525
1300,DB01529
1301,DB01531
1302,DB01534
1303,DB01535
1304,DB01536
1305,DB01537
1306,DB01541
1307,DB01543
1308,DB01544
1309,DB01545
1310,DB01547
1311,DB01548
1312,DB01550
1313,DB01551
1314,DB01553
1315,DB01554
1316,DB01555
1317,DB01556
1318,DB01558
1319,DB01559
1320,DB01560
1321,DB01562
1322,DB01563
1323,DB01564
1324,DB01565
1325,DB01566
1326,DB01567
1327,DB01569
1328,DB01572
1329,DB01575
1330,DB01576
1331,DB01577
1332,DB01579
1333,DB01580
1334,DB01581
1335,DB01582
1336,DB01583
1337,DB01586
1338,DB01587
1339,DB01588
1340,DB01589
1341,DB01590
1342,DB01591
1343,DB01592
1344,DB01593
1345,DB01594
1346,DB01595
1347,DB01597
1348,DB01598
1349,DB01599
1350,DB01600
1351,DB01601
1352,DB01602
1353,DB01603
1354,DB01604
1355,DB01605
1356,DB01606
1357,DB01607
1358,DB01608
1359,DB01609
1360,DB01610
1361,DB01611
1362,DB01612
1363,DB01613
1364,DB01614
1365,DB01615
1366,DB01616
1367,DB01618
1368,DB01619
1369,DB01620
1370,DB01621
1371,DB01622
1372,DB01623
1373,DB01624
1374,DB01625
1375,DB01626
1376,DB01627
1377,DB01628
1378,DB01629
1379,DB01638
1380,DB01645
1381,DB01650
1382,DB01656
1383,DB01667
1384,DB01669
1385,DB01685
1386,DB01698
1387,DB01700
1388,DB01708
1389,DB01740
1390,DB01764
1391,DB01783
1392,DB01791
1393,DB01816
1394,DB01839
1395,DB01873
1396,DB01892
1397,DB01910
1398,DB01933
1399,DB01942
1400,DB01954
1401,DB01978
1402,DB02031
1403,DB02032
1404,DB02056
1405,DB02058
1406,DB02067
1407,DB02105
1408,DB02109
1409,DB02115
1410,DB02123
1411,DB02134
1412,DB02136
1413,DB02165
1414,DB02178
1415,DB02187
1416,DB02207
1417,DB02224
1418,DB02234
1419,DB02237
1420,DB02245
1421,DB02247
1422,DB02261
1423,DB02266
1424,DB02285
1425,DB02300
1426,DB02304
1427,DB02329
1428,DB02342
1429,DB02345
1430,DB02365
1431,DB02369
1432,DB02377
1433,DB02423
1434,DB02424
1435,DB02442
1436,DB02489
1437,DB02513
1438,DB02520
1439,DB02527
1440,DB02546
1441,DB02552
1442,DB02567
1443,DB02568
1444,DB02587
1445,DB02589
1446,DB02600
1447,DB02638
1448,DB02640
1449,DB02659
1450,DB02691
1451,DB02699
1452,DB02701
1453,DB02703
1454,DB02709
1455,DB02753
1456,DB02756
1457,DB02789
1458,DB02806
1459,DB02845
1460,DB02852
1461,DB02860
1462,DB02901
1463,DB02925
1464,DB02948
1465,DB02958
1466,DB02959
1467,DB02968
1468,DB02975
1469,DB03010
1470,DB03034
1471,DB03040
1472,DB03043
1473,DB03049
1474,DB03057
1475,DB03070
1476,DB03098
1477,DB03128
1478,DB03166
1479,DB03172
1480,DB03174
1481,DB03209
1482,DB03255
1483,DB03256
1484,DB03266
1485,DB03312
1486,DB03313
1487,DB03322
1488,DB03374
1489,DB03394
1490,DB03395
1491,DB03404
1492,DB03410
1493,DB03419
1494,DB03423
1495,DB03424
1496,DB03450
1497,DB03459
1498,DB03467
1499,DB03496
1500,DB03509
1501,DB03513
1502,DB03515
1503,DB03523
1504,DB03553
1505,DB03560
1506,DB03566
1507,DB03575
1508,DB03585
1509,DB03587
1510,DB03600
1511,DB03604
1512,DB03615
1513,DB03619
1514,DB03695
1515,DB03701
1516,DB03754
1517,DB03756
1518,DB03758
1519,DB03783
1520,DB03793
1521,DB03819
1522,DB03825
1523,DB03843
1524,DB03849
1525,DB03866
1526,DB03880
1527,DB03902
1528,DB03938
1529,DB03946
1530,DB03966
1531,DB04017
1532,DB04066
1533,DB04070
1534,DB04076
1535,DB04106
1536,DB04124
1537,DB04145
1538,DB04160
1539,DB04165
1540,DB04216
1541,DB04222
1542,DB04249
1543,DB04250
1544,DB04253
1545,DB04258
1546,DB04263
1547,DB04267
1548,DB04272
1549,DB04325
1550,DB04331
1551,DB04334
1552,DB04339
1553,DB04348
1554,DB04356
1555,DB04365
1556,DB04440
1557,DB04468
1558,DB04513
1559,DB04519
1560,DB04540
1561,DB04552
1562,DB04557
1563,DB04570
1564,DB04571
1565,DB04572
1566,DB04573
1567,DB04574
1568,DB04575
1569,DB04576
1570,DB04581
1571,DB04599
1572,DB04619
1573,DB04626
1574,DB04630
1575,DB04652
1576,DB04655
1577,DB04665
1578,DB04682
1579,DB04688
1580,DB04690
1581,DB04695
1582,DB04707
1583,DB04711
1584,DB04725
1585,DB04729
1586,DB04741
1587,DB04743
1588,DB04744
1589,DB04785
1590,DB04786
1591,DB04789
1592,DB04794
1593,DB04795
1594,DB04796
1595,DB04808
1596,DB04812
1597,DB04816
1598,DB04817
1599,DB04818
1600,DB04819
1601,DB04820
1602,DB04821
1603,DB04823
1604,DB04824
1605,DB04825
1606,DB04826
1607,DB04827
1608,DB04828
1609,DB04829
1610,DB04830
1611,DB04831
1612,DB04832
1613,DB04833
1614,DB04834
1615,DB04835
1616,DB04836
1617,DB04837
1618,DB04838
1619,DB04839
1620,DB04840
1621,DB04841
1622,DB04842
1623,DB04843
1624,DB04844
1625,DB04845
1626,DB04846
1627,DB04849
1628,DB04850
1629,DB04851
1630,DB04854
1631,DB04855
1632,DB04856
1633,DB04858
1634,DB04861
1635,DB04863
1636,DB04864
1637,DB04865
1638,DB04866
1639,DB04868
1640,DB04871
1641,DB04872
1642,DB04876
1643,DB04878
1644,DB04879
1645,DB04880
1646,DB04881
1647,DB04884
1648,DB04885
1649,DB04886
1650,DB04888
1651,DB04889
1652,DB04891
1653,DB04892
1654,DB04894
1655,DB04895
1656,DB04896
1657,DB04897
1658,DB04898
1659,DB04899
1660,DB04900
1661,DB04901
1662,DB04903
1663,DB04905
1664,DB04907
1665,DB04908
1666,DB04911
1667,DB04914
1668,DB04917
1669,DB04918
1670,DB04920
1671,DB04925
1672,DB04930
1673,DB04932
1674,DB04934
1675,DB04936
1676,DB04938
1677,DB04946
1678,DB04948
1679,DB04949
1680,DB04950
1681,DB04951
1682,DB04952
1683,DB04953
1684,DB04956
1685,DB04957
1686,DB04958
1687,DB04960
1688,DB04961
1689,DB04962
1690,DB04964
1691,DB04975
1692,DB04977
1693,DB04988
1694,DB04996
1695,DB05006
1696,DB05015
1697,DB05016
1698,DB05018
1699,DB05022
1700,DB05034
1701,DB05039
1702,DB05076
1703,DB05077
1704,DB05084
1705,DB05088
1706,DB05095
1707,DB05097
1708,DB05099
1709,DB05101
1710,DB05102
1711,DB05105
1712,DB05107
1713,DB05109
1714,DB05111
1715,DB05115
1716,DB05129
1717,DB05136
1718,DB05137
1719,DB05139
1720,DB05143
1721,DB05144
1722,DB05152
1723,DB05154
1724,DB05168
1725,DB05202
1726,DB05209
1727,DB05212
1728,DB05223
1729,DB05227
1730,DB05229
1731,DB05232
1732,DB05239
1733,DB05245
1734,DB05246
1735,DB05254
1736,DB05258
1737,DB05259
1738,DB05260
1739,DB05262
1740,DB05265
1741,DB05266
1742,DB05271
1743,DB05288
1744,DB05294
1745,DB05295
1746,DB05296
1747,DB05304
1748,DB05306
1749,DB05316
1750,DB05321
1751,DB05325
1752,DB05332
1753,DB05336
1754,DB05351
1755,DB05374
1756,DB05381
1757,DB05383
1758,DB05386
1759,DB05395
1760,DB05396
1761,DB05405
1762,DB05424
1763,DB05428
1764,DB05437
1765,DB05440
1766,DB05459
1767,DB05465
1768,DB05472
1769,DB05482
1770,DB05488
1771,DB05496
1772,DB05521
1773,DB05524
1774,DB05528
1775,DB05532
1776,DB05540
1777,DB05541
1778,DB05542
1779,DB05545
1780,DB05550
1781,DB05555
1782,DB05562
1783,DB05575
1784,DB05578
1785,DB05595
1786,DB05607
1787,DB05631
1788,DB05656
1789,DB05668
1790,DB05676
1791,DB05679
1792,DB05687
1793,DB05697
1794,DB05708
1795,DB05710
1796,DB05718
1797,DB05767
1798,DB05773
1799,DB05779
1800,DB05786
1801,DB05793
1802,DB05797
1803,DB05804
1804,DB05812
1805,DB05814
1806,DB05819
1807,DB05829
1808,DB05830
1809,DB05860
1810,DB05871
1811,DB05875
1812,DB05885
1813,DB05889
1814,DB05892
1815,DB05903
1816,DB05915
1817,DB05916
1818,DB05928
1819,DB05941
1820,DB05942
1821,DB05974
1822,DB05990
1823,DB05996
1824,DB06011
1825,DB06013
1826,DB06016
1827,DB06021
1828,DB06022
1829,DB06040
1830,DB06043
1831,DB06049
1832,DB06050
1833,DB06077
1834,DB06081
1835,DB06101
1836,DB06109
1837,DB06116
1838,DB06117
1839,DB06119
1840,DB06127
1841,DB06144
1842,DB06145
1843,DB06147
1844,DB06148
1845,DB06149
1846,DB06150
1847,DB06151
1848,DB06152
1849,DB06153
1850,DB06154
1851,DB06155
1852,DB06159
1853,DB06160
1854,DB06162
1855,DB06163
1856,DB06168
1857,DB06171
1858,DB06174
1859,DB06176
1860,DB06181
1861,DB06186
1862,DB06190
1863,DB06191
1864,DB06192
1865,DB06193
1866,DB06194
1867,DB06195
1868,DB06196
1869,DB06198
1870,DB06199
1871,DB06200
1872,DB06201
1873,DB06202
1874,DB06203
1875,DB06204
1876,DB06205
1877,DB06206
1878,DB06207
1879,DB06209
1880,DB06210
1881,DB06211
1882,DB06212
1883,DB06213
1884,DB06215
1885,DB06216
1886,DB06217
1887,DB06218
1888,DB06219
1889,DB06228
1890,DB06230
1891,DB06233
1892,DB06234
1893,DB06235
1894,DB06236
1895,DB06237
1896,DB06240
1897,DB06241
1898,DB06245
1899,DB06246
1900,DB06250
1901,DB06251
1902,DB06255
1903,DB06261
1904,DB06262
1905,DB06263
1906,DB06264
1907,DB06266
1908,DB06267
1909,DB06268
1910,DB06271
1911,DB06272
1912,DB06273
1913,DB06274
1914,DB06282
1915,DB06283
1916,DB06285
1917,DB06287
1918,DB06288
1919,DB06290
1920,DB06292
1921,DB06293
1922,DB06294
1923,DB06302
1924,DB06304
1925,DB06305
1926,DB06310
1927,DB06317
1928,DB06318
1929,DB06322
1930,DB06324
1931,DB06325
1932,DB06334
1933,DB06335
1934,DB06342
1935,DB06343
1936,DB06358
1937,DB06360
1938,DB06365
1939,DB06366
1940,DB06370
1941,DB06371
1942,DB06372
1943,DB06379
1944,DB06395
1945,DB06400
1946,DB06401
1947,DB06402
1948,DB06403
1949,DB06404
1950,DB06406
1951,DB06408
1952,DB06410
1953,DB06412
1954,DB06413
1955,DB06414
1956,DB06415
1957,DB06419
1958,DB06420
1959,DB06421
1960,DB06422
1961,DB06423
1962,DB06433
1963,DB06436
1964,DB06440
1965,DB06441
1966,DB06442
1967,DB06445
1968,DB06446
1969,DB06458
1970,DB06461
1971,DB06467
1972,DB06468
1973,DB06469
1974,DB06470
1975,DB06474
1976,DB06478
1977,DB06479
1978,DB06480
1979,DB06506
1980,DB06510
1981,DB06512
1982,DB06517
1983,DB06527
1984,DB06529
1985,DB06534
1986,DB06535
1987,DB06543
1988,DB06550
1989,DB06554
1990,DB06557
1991,DB06558
1992,DB06575
1993,DB06579
1994,DB06582
1995,DB06584
1996,DB06587
1997,DB06589
1998,DB06590
1999,DB06594
2000,DB06595
2001,DB06599
2002,DB06600
2003,DB06602
2004,DB06603
2005,DB06605
2006,DB06606
2007,DB06607
2008,DB06608
2009,DB06611
2010,DB06612
2011,DB06614
2012,DB06616
2013,DB06623
2014,DB06624
2015,DB06626
2016,DB06635
2017,DB06636
2018,DB06637
2019,DB06643
2020,DB06647
2021,DB06650
2022,DB06652
2023,DB06654
2024,DB06655
2025,DB06659
2026,DB06660
2027,DB06662
2028,DB06663
2029,DB06670
2030,DB06674
2031,DB06678
2032,DB06679
2033,DB06681
2034,DB06683
2035,DB06684
2036,DB06685
2037,DB06688
2038,DB06690
2039,DB06691
2040,DB06692
2041,DB06693
2042,DB06694
2043,DB06695
2044,DB06696
2045,DB06697
2046,DB06698
2047,DB06699
2048,DB06700
2049,DB06701
2050,DB06702
2051,DB06704
2052,DB06705
2053,DB06706
2054,DB06707
2055,DB06708
2056,DB06709
2057,DB06710
2058,DB06711
2059,DB06712
2060,DB06713
2061,DB06715
2062,DB06716
2063,DB06717
2064,DB06718
2065,DB06719
2066,DB06721
2067,DB06723
2068,DB06724
2069,DB06725
2070,DB06726
2071,DB06727
2072,DB06728
2073,DB06729
2074,DB06730
2075,DB06731
2076,DB06732
2077,DB06733
2078,DB06735
2079,DB06736
2080,DB06737
2081,DB06738
2082,DB06739
2083,DB06741
2084,DB06742
2085,DB06748
2086,DB06749
2087,DB06751
2088,DB06753
2089,DB06754
2090,DB06755
2091,DB06756
2092,DB06759
2093,DB06761
2094,DB06762
2095,DB06763
2096,DB06764
2097,DB06766
2098,DB06767
2099,DB06769
2100,DB06770
2101,DB06771
2102,DB06772
2103,DB06773
2104,DB06774
2105,DB06777
2106,DB06779
2107,DB06780
2108,DB06781
2109,DB06782
2110,DB06783
2111,DB06786
2112,DB06787
2113,DB06788
2114,DB06789
2115,DB06791
2116,DB06792
2117,DB06793
2118,DB06795
2119,DB06796
2120,DB06797
2121,DB06799
2122,DB06800
2123,DB06802
2124,DB06803
2125,DB06804
2126,DB06807
2127,DB06809
2128,DB06810
2129,DB06811
2130,DB06813
2131,DB06814
2132,DB06815
2133,DB06817
2134,DB06819
2135,DB06820
2136,DB06821
2137,DB06822
2138,DB06823
2139,DB06824
2140,DB06825
2141,DB06826
2142,DB06827
2143,DB07069
2144,DB07118
2145,DB07232
2146,DB07348
2147,DB07374
2148,DB07402
2149,DB07447
2150,DB07477
2151,DB07565
2152,DB07615
2153,DB07637
2154,DB07706
2155,DB07715
2156,DB07720
2157,DB07767
2158,DB07768
2159,DB07780
2160,DB07841
2161,DB07931
2162,DB07954
2163,DB07996
2164,DB08059
2165,DB08162
2166,DB08167
2167,DB08188
2168,DB08313
2169,DB08329
2170,DB08382
2171,DB08399
2172,DB08437
2173,DB08439
2174,DB08455
2175,DB08486
2176,DB08496
2177,DB08502
2178,DB08550
2179,DB08619
2180,DB08621
2181,DB08633
2182,DB08639
2183,DB08735
2184,DB08736
2185,DB08783
2186,DB08794
2187,DB08795
2188,DB08797
2189,DB08798
2190,DB08799
2191,DB08800
2192,DB08801
2193,DB08802
2194,DB08804
2195,DB08805
2196,DB08806
2197,DB08807
2198,DB08808
2199,DB08810
2200,DB08811
2201,DB08813
2202,DB08814
2203,DB08815
2204,DB08816
2205,DB08819
2206,DB08820
2207,DB08822
2208,DB08824
2209,DB08826
2210,DB08827
2211,DB08828
2212,DB08830
2213,DB08833
2214,DB08834
2215,DB08836
2216,DB08837
2217,DB08838
2218,DB08839
2219,DB08840
2220,DB08841
2221,DB08844
2222,DB08846
2223,DB08857
2224,DB08858
2225,DB08860
2226,DB08861
2227,DB08862
2228,DB08864
2229,DB08865
2230,DB08867
2231,DB08868
2232,DB08869
2233,DB08870
2234,DB08871
2235,DB08872
2236,DB08873
2237,DB08874
2238,DB08875
2239,DB08877
2240,DB08878
2241,DB08879
2242,DB08880
2243,DB08881
2244,DB08882
2245,DB08883
2246,DB08884
2247,DB08885
2248,DB08886
2249,DB08887
2250,DB08889
2251,DB08890
2252,DB08892
2253,DB08893
2254,DB08894
2255,DB08895
2256,DB08896
2257,DB08897
2258,DB08898
2259,DB08899
2260,DB08900
2261,DB08901
2262,DB08902
2263,DB08903
2264,DB08904
2265,DB08905
2266,DB08906
2267,DB08907
2268,DB08908
2269,DB08909
2270,DB08910
2271,DB08911
2272,DB08912
2273,DB08913
2274,DB08916
2275,DB08917
2276,DB08918
2277,DB08922
2278,DB08925
2279,DB08927
2280,DB08930
2281,DB08931
2282,DB08932
2283,DB08933
2284,DB08934
2285,DB08935
2286,DB08936
2287,DB08938
2288,DB08940
2289,DB08941
2290,DB08942
2291,DB08943
2292,DB08947
2293,DB08949
2294,DB08950
2295,DB08951
2296,DB08952
2297,DB08953
2298,DB08954
2299,DB08955
2300,DB08957
2301,DB08958
2302,DB08960
2303,DB08961
2304,DB08962
2305,DB08964
2306,DB08965
2307,DB08967
2308,DB08970
2309,DB08971
2310,DB08972
2311,DB08974
2312,DB08976
2313,DB08980
2314,DB08981
2315,DB08983
2316,DB08984
2317,DB08985
2318,DB08986
2319,DB08987
2320,DB08991
2321,DB08992
2322,DB08993
2323,DB08994
2324,DB08996
2325,DB08997
2326,DB08999
2327,DB09000
2328,DB09001
2329,DB09007
2330,DB09008
2331,DB09009
2332,DB09010
2333,DB09011
2334,DB09013
2335,DB09014
2336,DB09015
2337,DB09016
2338,DB09017
2339,DB09018
2340,DB09020
2341,DB09021
2342,DB09022
2343,DB09023
2344,DB09026
2345,DB09027
2346,DB09029
2347,DB09030
2348,DB09031
2349,DB09033
2350,DB09034
2351,DB09035
2352,DB09036
2353,DB09037
2354,DB09038
2355,DB09039
2356,DB09042
2357,DB09043
2358,DB09045
2359,DB09046
2360,DB09047
2361,DB09048
2362,DB09049
2363,DB09050
2364,DB09052
2365,DB09053
2366,DB09054
2367,DB09055
2368,DB09056
2369,DB09057
2370,DB09059
2371,DB09060
2372,DB09061
2373,DB09062
2374,DB09063
2375,DB09064
2376,DB09065
2377,DB09066
2378,DB09067
2379,DB09068
2380,DB09069
2381,DB09070
2382,DB09071
2383,DB09072
2384,DB09073
2385,DB09074
2386,DB09075
2387,DB09076
2388,DB09077
2389,DB09078
2390,DB09079
2391,DB09080
2392,DB09081
2393,DB09082
2394,DB09083
2395,DB09084
2396,DB09085
2397,DB09087
2398,DB09089
2399,DB09090
2400,DB09091
2401,DB09092
2402,DB09093
2403,DB09095
2404,DB09096
2405,DB09097
2406,DB09098
2407,DB09099
2408,DB09100
2409,DB09101
2410,DB09102
2411,DB09103
2412,DB09104
2413,DB09105
2414,DB09106
2415,DB09107
2416,DB09109
2417,DB09111
2418,DB09112
2419,DB09113
2420,DB09116
2421,DB09117
2422,DB09118
2423,DB09119
2424,DB09121
2425,DB09122
2426,DB09123
2427,DB09124
2428,DB09125
2429,DB09128
2430,DB09129
2431,DB09130
2432,DB09132
2433,DB09133
2434,DB09134
2435,DB09135
2436,DB09136
2437,DB09137
2438,DB09139
2439,DB09142
2440,DB09143
2441,DB09146
2442,DB09147
2443,DB09148
2444,DB09149
2445,DB09153
2446,DB09154
2447,DB09156
2448,DB09161
2449,DB09163
2450,DB09165
2451,DB09166
2452,DB09167
2453,DB09173
2454,DB09174
2455,DB09183
2456,DB09184
2457,DB09185
2458,DB09186
2459,DB09187
2460,DB09190
2461,DB09194
2462,DB09195
2463,DB09198
2464,DB09199
2465,DB09200
2466,DB09201
2467,DB09202
2468,DB09203
2469,DB09204
2470,DB09205
2471,DB09206
2472,DB09207
2473,DB09208
2474,DB09209
2475,DB09210
2476,DB09211
2477,DB09212
2478,DB09213
2479,DB09214
2480,DB09215
2481,DB09216
2482,DB09217
2483,DB09218
2484,DB09219
2485,DB09220
2486,DB09221
2487,DB09222
2488,DB09223
2489,DB09224
2490,DB09225
2491,DB09226
2492,DB09227
2493,DB09228
2494,DB09229
2495,DB09230
2496,DB09231
2497,DB09232
2498,DB09234
2499,DB09235
2500,DB09236
2501,DB09237
2502,DB09238
2503,DB09239
2504,DB09240
2505,DB09241
2506,DB09242
2507,DB09243
2508,DB09244
2509,DB09245
2510,DB09246
2511,DB09247
2512,DB09248
2513,DB09249
2514,DB09250
2515,DB09251
2516,DB09252
2517,DB09253
2518,DB09254
2519,DB09255
2520,DB09256
2521,DB09257
2522,DB09258
2523,DB09259
2524,DB09260
2525,DB09261
2526,DB09262
2527,DB09263
2528,DB09264
2529,DB09265
2530,DB09266
2531,DB09267
2532,DB09268
2533,DB09269
2534,DB09270
2535,DB09271
2536,DB09272
2537,DB09273
2538,DB09274
2539,DB09275
2540,DB09276
2541,DB09277
2542,DB09278
2543,DB09279
2544,DB09280
2545,DB09281
2546,DB09282
2547,DB09283
2548,DB09284
2549,DB09285
2550,DB09286
2551,DB09287
2552,DB09288
2553,DB09289
2554,DB09290
2555,DB09291
2556,DB09292
2557,DB09293
2558,DB09295
2559,DB09296
2560,DB09297
2561,DB09298
2562,DB09299
2563,DB09300
2564,DB09301
2565,DB09302
2566,DB09303
2567,DB09304
2568,DB09305
2569,DB09307
2570,DB09308
2571,DB09309
2572,DB09310
2573,DB09311
2574,DB09312
2575,DB09317
2576,DB09318
2577,DB09319
2578,DB09320
2579,DB09321
2580,DB09322
2581,DB09324
2582,DB09325
2583,DB09327
2584,DB09328
2585,DB09329
2586,DB09330
2587,DB09331
2588,DB09335
2589,DB09338
2590,DB09341
2591,DB09342
2592,DB09343
2593,DB09344
2594,DB09345
2595,DB09351
2596,DB09352
2597,DB09357
2598,DB09363
2599,DB09369
2600,DB09371
2601,DB09374
2602,DB09378
2603,DB09381
2604,DB09383
2605,DB09389
2606,DB09394
2607,DB09395
2608,DB09400
2609,DB09401
2610,DB09407
2611,DB09409
2612,DB09413
2613,DB09414
2614,DB09418
2615,DB09421
2616,DB09449
2617,DB09456
2618,DB09459
2619,DB09462
2620,DB09472
2621,DB09477
2622,DB09480
2623,DB09481
2624,DB09483
2625,DB09484
2626,DB09488
2627,DB09496
2628,DB09499
2629,DB09501
2630,DB09502
2631,DB09507
2632,DB09508
2633,DB09511
2634,DB09517
2635,DB09527
2636,DB09532
2637,DB09536
2638,DB09539
2639,DB09543
2640,DB09546
2641,DB09555
2642,DB09559
2643,DB09564
2644,DB09568
2645,DB09570
2646,DB10062
2647,DB10076
2648,DB10276
2649,DB10283
2650,DB10317
2651,DB10318
2652,DB10342
2653,DB10343
2654,DB10349
2655,DB10351
2656,DB10353
2657,DB10365
2658,DB10366
2659,DB10370
2660,DB10379
2661,DB10389
2662,DB10394
2663,DB10395
2664,DB10403
2665,DB10404
2666,DB10489
2667,DB10494
2668,DB10532
2669,DB10583
2670,DB10584
2671,DB10600
2672,DB10713
2673,DB10714
2674,DB10715
2675,DB10716
2676,DB10717
2677,DB10719
2678,DB10769
2679,DB10794
2680,DB10803
2681,DB10804
2682,DB10805
2683,DB10836
2684,DB10879
2685,DB10949
2686,DB10962
2687,DB10963
2688,DB10964
2689,DB10966
2690,DB10989
2691,DB10990
2692,DB11003
2693,DB11038
2694,DB11040
2695,DB11041
2696,DB11044
2697,DB11050
2698,DB11051
2699,DB11057
2700,DB11059
2701,DB11068
2702,DB11074
2703,DB11077
2704,DB11079
2705,DB11081
2706,DB11085
2707,DB11089
2708,DB11090
2709,DB11091
2710,DB11093
2711,DB11094
2712,DB11095
2713,DB11097
2714,DB11098
2715,DB11102
2716,DB11107
2717,DB11110
2718,DB11113
2719,DB11114
2720,DB11121
2721,DB11124
2722,DB11126
2723,DB11127
2724,DB11130
2725,DB11133
2726,DB11135
2727,DB11136
2728,DB11142
2729,DB11145
2730,DB11148
2731,DB11153
2732,DB11154
2733,DB11156
2734,DB11164
2735,DB11166
2736,DB11168
2737,DB11171
2738,DB11175
2739,DB11181
2740,DB11189
2741,DB11198
2742,DB11199
2743,DB11210
2744,DB11228
2745,DB11230
2746,DB11231
2747,DB11235
2748,DB11238
2749,DB11239
2750,DB11248
2751,DB11251
2752,DB11256
2753,DB11268
2754,DB11273
2755,DB11274
2756,DB11278
2757,DB11281
2758,DB11282
2759,DB11306
2760,DB11311
2761,DB11312
2762,DB11315
2763,DB11328
2764,DB11330
2765,DB11338
2766,DB11348
2767,DB11352
2768,DB11358
2769,DB11362
2770,DB11363
2771,DB11364
2772,DB11365
2773,DB11366
2774,DB11367
2775,DB11371
2776,DB11372
2777,DB11373
2778,DB11375
2779,DB11376
2780,DB11377
2781,DB11380
2782,DB11383
2783,DB11387
2784,DB11389
2785,DB11390
2786,DB11397
2787,DB11400
2788,DB11401
2789,DB11404
2790,DB11405
2791,DB11408
2792,DB11410
2793,DB11411
2794,DB11412
2795,DB11413
2796,DB11416
2797,DB11417
2798,DB11419
2799,DB11423
2800,DB11425
2801,DB11426
2802,DB11428
2803,DB11429
2804,DB11432
2805,DB11442
2806,DB11443
2807,DB11446
2808,DB11447
2809,DB11448
2810,DB11454
2811,DB11455
2812,DB11458
2813,DB11459
2814,DB11461
2815,DB11462
2816,DB11463
2817,DB11464
2818,DB11466
2819,DB11467
2820,DB11468
2821,DB11470
2822,DB11471
2823,DB11473
2824,DB11474
2825,DB11475
2826,DB11477
2827,DB11478
2828,DB11480
2829,DB11481
2830,DB11485
2831,DB11487
2832,DB11490
2833,DB11491
2834,DB11493
2835,DB11502
2836,DB11507
2837,DB11510
2838,DB11511
2839,DB11512
2840,DB11518
2841,DB11519
2842,DB11520
2843,DB11525
2844,DB11526
2845,DB11529
2846,DB11537
2847,DB11540
2848,DB11541
2849,DB11543
2850,DB11544
2851,DB11549
2852,DB11552
2853,DB11554
2854,DB11555
2855,DB11556
2856,DB11560
2857,DB11564
2858,DB11567
2859,DB11568
2860,DB11569
2861,DB11574
2862,DB11575
2863,DB11576
2864,DB11577
2865,DB11580
2866,DB11581
2867,DB11582
2868,DB11586
2869,DB11587
2870,DB11590
2871,DB11591
2872,DB11593
2873,DB11595
2874,DB11596
2875,DB11598
2876,DB11603
2877,DB11604
2878,DB11606
2879,DB11608
2880,DB11609
2881,DB11613
2882,DB11614
2883,DB11616
2884,DB11617
2885,DB11618
2886,DB11619
2887,DB11621
2888,DB11622
2889,DB11624
2890,DB11627
2891,DB11630
2892,DB11632
2893,DB11633
2894,DB11635
2895,DB11636
2896,DB11637
2897,DB11638
2898,DB11640
2899,DB11641
2900,DB11642
2901,DB11644
2902,DB11646
2903,DB11651
2904,DB11652
2905,DB11653
2906,DB11657
2907,DB11660
2908,DB11661
2909,DB11662
2910,DB11664
2911,DB11668
2912,DB11669
2913,DB11672
2914,DB11674
2915,DB11675
2916,DB11678
2917,DB11680
2918,DB11685
2919,DB11686
2920,DB11688
2921,DB11689
2922,DB11691
2923,DB11693
2924,DB11694
2925,DB11697
2926,DB11698
2927,DB11699
2928,DB11703
2929,DB11707
2930,DB11708
2931,DB11712
2932,DB11713
2933,DB11714
2934,DB11715
2935,DB11716
2936,DB11717
2937,DB11718
2938,DB11720
2939,DB11723
2940,DB11727
2941,DB11730
2942,DB11731
2943,DB11732
2944,DB11737
2945,DB11738
2946,DB11742
2947,DB11744
2948,DB11746
2949,DB11750
2950,DB11751
2951,DB11752
2952,DB11753
2953,DB11755
2954,DB11756
2955,DB11757
2956,DB11758
2957,DB11760
2958,DB11767
2959,DB11770
2960,DB11771
2961,DB11774
2962,DB11776
2963,DB11779
2964,DB11780
2965,DB11783
2966,DB11785
2967,DB11789
2968,DB11792
2969,DB11793
2970,DB11795
2971,DB11799
2972,DB11800
2973,DB11803
2974,DB11805
2975,DB11808
2976,DB11809
2977,DB11812
2978,DB11817
2979,DB11823
2980,DB11824
2981,DB11826
2982,DB11827
2983,DB11828
2984,DB11830
2985,DB11832
2986,DB11834
2987,DB11837
2988,DB11840
2989,DB11841
2990,DB11842
2991,DB11844
2992,DB11849
2993,DB11850
2994,DB11855
2995,DB11856
2996,DB11857
2997,DB11859
2998,DB11860
2999,DB11862
3000,DB11866
3001,DB11868
3002,DB11869
3003,DB11871
3004,DB11873
3005,DB11880
3006,DB11884
3007,DB11886
3008,DB11888
3009,DB11889
3010,DB11891
3011,DB11892
3012,DB11894
3013,DB11898
3014,DB11901
3015,DB11903
3016,DB11904
3017,DB11907
3018,DB11912
3019,DB11914
3020,DB11915
3021,DB11918
3022,DB11919
3023,DB11921
3024,DB11930
3025,DB11935
3026,DB11936
3027,DB11942
3028,DB11943
3029,DB11944
3030,DB11945
3031,DB11948
3032,DB11950
3033,DB11951
3034,DB11952
3035,DB11957
3036,DB11959
3037,DB11960
3038,DB11963
3039,DB11964
3040,DB11967
3041,DB11972
3042,DB11973
3043,DB11976
3044,DB11978
3045,DB11979
3046,DB11984
3047,DB11986
3048,DB11988
3049,DB11989
3050,DB11992
3051,DB11994
3052,DB11995
3053,DB11998
3054,DB11999
3055,DB12001
3056,DB12007
3057,DB12010
3058,DB12013
3059,DB12015
3060,DB12020
3061,DB12023
3062,DB12025
3063,DB12026
3064,DB12028
3065,DB12034
3066,DB12035
3067,DB12036
3068,DB12037
3069,DB12048
3070,DB12051
3071,DB12053
3072,DB12054
3073,DB12056
3074,DB12057
3075,DB12062
3076,DB12070
3077,DB12071
3078,DB12073
3079,DB12077
3080,DB12080
3081,DB12081
3082,DB12082
3083,DB12083
3084,DB12085
3085,DB12086
3086,DB12089
3087,DB12090
3088,DB12092
3089,DB12093
3090,DB12097
3091,DB12100
3092,DB12102
3093,DB12104
3094,DB12105
3095,DB12107
3096,DB12108
3097,DB12110
3098,DB12111
3099,DB12112
3100,DB12118
3101,DB12119
3102,DB12123
3103,DB12124
3104,DB12126
3105,DB12127
3106,DB12130
3107,DB12131
3108,DB12137
3109,DB12141
3110,DB12142
3111,DB12146
3112,DB12147
3113,DB12148
3114,DB12151
3115,DB12152
3116,DB12156
3117,DB12157
3118,DB12159
3119,DB12161
3120,DB12163
3121,DB12169
3122,DB12174
3123,DB12177
3124,DB12182
3125,DB12184
3126,DB12185
3127,DB12189
3128,DB12192
3129,DB12193
3130,DB12194
3131,DB12202
3132,DB12205
3133,DB12208
3134,DB12212
3135,DB12213
3136,DB12216
3137,DB12221
3138,DB12222
3139,DB12225
3140,DB12229
3141,DB12230
3142,DB12231
3143,DB12232
3144,DB12240
3145,DB12243
3146,DB12245
3147,DB12246
3148,DB12248
3149,DB12250
3150,DB12257
3151,DB12258
3152,DB12259
3153,DB12261
3154,DB12264
3155,DB12266
3156,DB12267
3157,DB12268
3158,DB12273
3159,DB12274
3160,DB12278
3161,DB12279
3162,DB12281
3163,DB12286
3164,DB12289
3165,DB12290
3166,DB12293
3167,DB12296
3168,DB12301
3169,DB12307
3170,DB12308
3171,DB12313
3172,DB12314
3173,DB12317
3174,DB12319
3175,DB12321
3176,DB12323
3177,DB12327
3178,DB12329
3179,DB12331
3180,DB12332
3181,DB12335
3182,DB12338
3183,DB12339
3184,DB12340
3185,DB12341
3186,DB12342
3187,DB12343
3188,DB12344
3189,DB12352
3190,DB12361
3191,DB12363
3192,DB12364
3193,DB12371
3194,DB12376
3195,DB12377
3196,DB12379
3197,DB12381
3198,DB12382
3199,DB12385
3200,DB12386
3201,DB12391
3202,DB12395
3203,DB12396
3204,DB12399
3205,DB12401
3206,DB12406
3207,DB12409
3208,DB12412
3209,DB12413
3210,DB12416
3211,DB12417
3212,DB12422
3213,DB12425
3214,DB12427
3215,DB12431
3216,DB12445
3217,DB12447
3218,DB12455
3219,DB12456
3220,DB12457
3221,DB12459
3222,DB12461
3223,DB12465
3224,DB12466
3225,DB12470
3226,DB12473
3227,DB12474
3228,DB12478
3229,DB12480
3230,DB12482
3231,DB12483
3232,DB12487
3233,DB12489
3234,DB12492
3235,DB12498
3236,DB12500
3237,DB12515
3238,DB12518
3239,DB12520
3240,DB12523
3241,DB12525
3242,DB12526
3243,DB12530
3244,DB12531
3245,DB12532
3246,DB12534
3247,DB12537
3248,DB12539
3249,DB12543
3250,DB12545
3251,DB12549
3252,DB12551
3253,DB12554
3254,DB12560
3255,DB12565
3256,DB12568
3257,DB12576
3258,DB12577
3259,DB12578
3260,DB12579
3261,DB12582
3262,DB12584
3263,DB12585
3264,DB12589
3265,DB12590
3266,DB12593
3267,DB12596
3268,DB12598
3269,DB12604
3270,DB12609
3271,DB12610
3272,DB12612
3273,DB12615
3274,DB12617
3275,DB12625
3276,DB12629
3277,DB12637
3278,DB12638
3279,DB12645
3280,DB12647
3281,DB12649
3282,DB12661
3283,DB12667
3284,DB12670
3285,DB12671
3286,DB12677
3287,DB12681
3288,DB12683
3289,DB12687
3290,DB12688
3291,DB12692
3292,DB12693
3293,DB12695
3294,DB12697
3295,DB12698
3296,DB12699
3297,DB12701
3298,DB12704
3299,DB12708
3300,DB12710
3301,DB12712
3302,DB12713
3303,DB12718
3304,DB12725
3305,DB12726
3306,DB12730
3307,DB12734
3308,DB12736
3309,DB12749
3310,DB12752
3311,DB12753
3312,DB12766
3313,DB12768
3314,DB12769
3315,DB12770
3316,DB12771
3317,DB12773
3318,DB12775
3319,DB12776
3320,DB12779
3321,DB12781
3322,DB12783
3323,DB12789
3324,DB12791
3325,DB12797
3326,DB12799
3327,DB12803
3328,DB12806
3329,DB12807
3330,DB12814
3331,DB12815
3332,DB12820
3333,DB12821
3334,DB12823
3335,DB12825
3336,DB12826
3337,DB12829
3338,DB12831
3339,DB12832
3340,DB12833
3341,DB12836
3342,DB12839
3343,DB12842
3344,DB12843
3345,DB12844
3346,DB12845
3347,DB12846
3348,DB12849
3349,DB12866
3350,DB12867
3351,DB12870
3352,DB12873
3353,DB12877
3354,DB12881
3355,DB12883
3356,DB12884
3357,DB12887
3358,DB12890
3359,DB12891
3360,DB12893
3361,DB12901
3362,DB12902
3363,DB12909
3364,DB12912
3365,DB12916
3366,DB12917
3367,DB12920
3368,DB12921
3369,DB12923
3370,DB12924
3371,DB12926
3372,DB12927
3373,DB12930
3374,DB12935
3375,DB12939
3376,DB12941
3377,DB12942
3378,DB12943
3379,DB12945
3380,DB12947
3381,DB12948
3382,DB12950
3383,DB12951
3384,DB12952
3385,DB12958
3386,DB12967
3387,DB12975
3388,DB12976
3389,DB12978
3390,DB12987
3391,DB12989
3392,DB12991
3393,DB12996
3394,DB13001
3395,DB13003
3396,DB13005
3397,DB13007
3398,DB13014
3399,DB13017
3400,DB13025
3401,DB13026
3402,DB13027
3403,DB13028
3404,DB13029
3405,DB13036
3406,DB13037
3407,DB13041
3408,DB13044
3409,DB13045
3410,DB13046
3411,DB13058
3412,DB13064
3413,DB13066
3414,DB13068
3415,DB13069
3416,DB13070
3417,DB13073
3418,DB13074
3419,DB13075
3420,DB13077
3421,DB13082
3422,DB13092
3423,DB13097
3424,DB13099
3425,DB13104
3426,DB13105
3427,DB13108
3428,DB13114
3429,DB13124
3430,DB13125
3431,DB13127
3432,DB13128
3433,DB13132
3434,DB13133
3435,DB13135
3436,DB13136
3437,DB13139
3438,DB13140
3439,DB13142
3440,DB13143
3441,DB13144
3442,DB13145
3443,DB13148
3444,DB13149
3445,DB13150
3446,DB13151
3447,DB13152
3448,DB13155
3449,DB13156
3450,DB13158
3451,DB13160
3452,DB13164
3453,DB13166
3454,DB13167
3455,DB13169
3456,DB13170
3457,DB13172
3458,DB13174
3459,DB13177
3460,DB13178
3461,DB13179
3462,DB13180
3463,DB13182
3464,DB13185
3465,DB13189
3466,DB13191
3467,DB13192
3468,DB13197
3469,DB13199
3470,DB13200
3471,DB13201
3472,DB13203
3473,DB13206
3474,DB13208
3475,DB13209
3476,DB13211
3477,DB13213
3478,DB13214
3479,DB13217
3480,DB13219
3481,DB13221
3482,DB13223
3483,DB13225
3484,DB13228
3485,DB13229
3486,DB13230
3487,DB13231
3488,DB13232
3489,DB13233
3490,DB13234
3491,DB13240
3492,DB13241
3493,DB13243
3494,DB13244
3495,DB13246
3496,DB13248
3497,DB13249
3498,DB13251
3499,DB13252
3500,DB13253
3501,DB13254
3502,DB13255
3503,DB13256
3504,DB13257
3505,DB13259
3506,DB13261
3507,DB13264
3508,DB13265
3509,DB13266
3510,DB13269
3511,DB13270
3512,DB13273
3513,DB13274
3514,DB13275
3515,DB13277
3516,DB13279
3517,DB13280
3518,DB13283
3519,DB13284
3520,DB13286
3521,DB13287
3522,DB13288
3523,DB13292
3524,DB13293
3525,DB13294
3526,DB13295
3527,DB13300
3528,DB13303
3529,DB13304
3530,DB13307
3531,DB13310
3532,DB13312
3533,DB13313
3534,DB13314
3535,DB13316
3536,DB13317
3537,DB13318
3538,DB13319
3539,DB13320
3540,DB13322
3541,DB13323
3542,DB13324
3543,DB13327
3544,DB13328
3545,DB13331
3546,DB13334
3547,DB13335
3548,DB13337
3549,DB13338
3550,DB13339
3551,DB13340
3552,DB13341
3553,DB13345
3554,DB13346
3555,DB13347
3556,DB13349
3557,DB13350
3558,DB13351
3559,DB13352
3560,DB13354
3561,DB13357
3562,DB13358
3563,DB13359
3564,DB13360
3565,DB13362
3566,DB13364
3567,DB13365
3568,DB13367
3569,DB13368
3570,DB13369
3571,DB13370
3572,DB13371
3573,DB13374
3574,DB13375
3575,DB13377
3576,DB13378
3577,DB13380
3578,DB13381
3579,DB13382
3580,DB13384
3581,DB13385
3582,DB13386
3583,DB13393
3584,DB13394
3585,DB13396
3586,DB13398
3587,DB13399
3588,DB13400
3589,DB13401
3590,DB13402
3591,DB13403
3592,DB13405
3593,DB13406
3594,DB13407
3595,DB13408
3596,DB13409
3597,DB13410
3598,DB13411
3599,DB13413
3600,DB13414
3601,DB13418
3602,DB13420
3603,DB13422
3604,DB13423
3605,DB13425
3606,DB13429
3607,DB13430
3608,DB13432
3609,DB13433
3610,DB13434
3611,DB13435
3612,DB13437
3613,DB13443
3614,DB13446
3615,DB13448
3616,DB13449
3617,DB13451
3618,DB13452
3619,DB13453
3620,DB13454
3621,DB13455
3622,DB13456
3623,DB13457
3624,DB13459
3625,DB13460
3626,DB13461
3627,DB13464
3628,DB13466
3629,DB13467
3630,DB13468
3631,DB13470
3632,DB13472
3633,DB13478
3634,DB13479
3635,DB13480
3636,DB13481
3637,DB13485
3638,DB13486
3639,DB13488
3640,DB13489
3641,DB13491
3642,DB13495
3643,DB13496
3644,DB13499
3645,DB13500
3646,DB13501
3647,DB13502
3648,DB13503
3649,DB13504
3650,DB13505
3651,DB13506
3652,DB13507
3653,DB13508
3654,DB13509
3655,DB13510
3656,DB13511
3657,DB13514
3658,DB13517
3659,DB13520
3660,DB13522
3661,DB13523
3662,DB13524
3663,DB13526
3664,DB13527
3665,DB13528
3666,DB13530
3667,DB13532
3668,DB13533
3669,DB13534
3670,DB13535
3671,DB13537
3672,DB13538
3673,DB13540
3674,DB13541
3675,DB13542
3676,DB13543
3677,DB13544
3678,DB13545
3679,DB13546
3680,DB13547
3681,DB13550
3682,DB13551
3683,DB13552
3684,DB13554
3685,DB13555
3686,DB13556
3687,DB13557
3688,DB13559
3689,DB13563
3690,DB13566
3691,DB13569
3692,DB13571
3693,DB13572
3694,DB13573
3695,DB13575
3696,DB13577
3697,DB13578
3698,DB13580
3699,DB13581
3700,DB13583
3701,DB13584
3702,DB13587
3703,DB13588
3704,DB13590
3705,DB13592
3706,DB13595
3707,DB13597
3708,DB13598
3709,DB13601
3710,DB13602
3711,DB13603
3712,DB13604
3713,DB13605
3714,DB13606
3715,DB13609
3716,DB13610
3717,DB13612
3718,DB13615
3719,DB13616
3720,DB13617
3721,DB13619
3722,DB13620
3723,DB13622
3724,DB13623
3725,DB13624
3726,DB13626
3727,DB13627
3728,DB13629
3729,DB13631
3730,DB13633
3731,DB13634
3732,DB13635
3733,DB13636
3734,DB13637
3735,DB13638
3736,DB13641
3737,DB13642
3738,DB13643
3739,DB13644
3740,DB13645
3741,DB13646
3742,DB13647
3743,DB13648
3744,DB13649
3745,DB13650
3746,DB13651
3747,DB13652
3748,DB13653
3749,DB13654
3750,DB13657
3751,DB13660
3752,DB13662
3753,DB13663
3754,DB13664
3755,DB13665
3756,DB13666
3757,DB13667
3758,DB13668
3759,DB13673
3760,DB13675
3761,DB13676
3762,DB13677
3763,DB13678
3764,DB13679
3765,DB13681
3766,DB13682
3767,DB13683
3768,DB13684
3769,DB13685
3770,DB13686
3771,DB13687
3772,DB13689
3773,DB13690
3774,DB13691
3775,DB13692
3776,DB13693
3777,DB13694
3778,DB13695
3779,DB13699
3780,DB13703
3781,DB13704
3782,DB13705
3783,DB13707
3784,DB13708
3785,DB13710
3786,DB13711
3787,DB13713
3788,DB13715
3789,DB13718
3790,DB13719
3791,DB13720
3792,DB13722
3793,DB13724
3794,DB13725
3795,DB13726
3796,DB13728
3797,DB13729
3798,DB13733
3799,DB13735
3800,DB13737
3801,DB13738
3802,DB13739
3803,DB13742
3804,DB13743
3805,DB13744
3806,DB13745
3807,DB13746
3808,DB13749
3809,DB13751
3810,DB13753
3811,DB13754
3812,DB13756
3813,DB13757
3814,DB13759
3815,DB13760
3816,DB13762
3817,DB13766
3818,DB13767
3819,DB13769
3820,DB13770
3821,DB13772
3822,DB13773
3823,DB13775
3824,DB13776
3825,DB13777
3826,DB13778
3827,DB13779
3828,DB13780
3829,DB13781
3830,DB13782
3831,DB13783
3832,DB13784
3833,DB13786
3834,DB13787
3835,DB13791
3836,DB13792
3837,DB13793
3838,DB13795
3839,DB13798
3840,DB13799
3841,DB13800
3842,DB13801
3843,DB13803
3844,DB13804
3845,DB13805
3846,DB13807
3847,DB13808
3848,DB13809
3849,DB13811
3850,DB13812
3851,DB13814
3852,DB13816
3853,DB13817
3854,DB13820
3855,DB13821
3856,DB13823
3857,DB13824
3858,DB13829
3859,DB13831
3860,DB13832
3861,DB13835
3862,DB13836
3863,DB13837
3864,DB13840
3865,DB13841
3866,DB13843
3867,DB13844
3868,DB13845
3869,DB13846
3870,DB13848
3871,DB13849
3872,DB13850
3873,DB13851
3874,DB13852
3875,DB13854
3876,DB13856
3877,DB13857
3878,DB13860
3879,DB13862
3880,DB13863
3881,DB13866
3882,DB13867
3883,DB13868
3884,DB13871
3885,DB13872
3886,DB13873
3887,DB13874
3888,DB13875
3889,DB13876
3890,DB13877
3891,DB13878
3892,DB13879
3893,DB13884
3894,DB13886
3895,DB13896
3896,DB13909
3897,DB13910
3898,DB13912
3899,DB13916
3900,DB13917
3901,DB13919
3902,DB13923
3903,DB13924
3904,DB13925
3905,DB13928
3906,DB13929
3907,DB13933
3908,DB13940
3909,DB13941
3910,DB13943
3911,DB13944
3912,DB13946
3913,DB13947
3914,DB13948
3915,DB13949
3916,DB13950
3917,DB13951
3918,DB13952
3919,DB13953
3920,DB13954
3921,DB13955
3922,DB13956
3923,DB13958
3924,DB13961
3925,DB13967
3926,DB13975
3927,DB13976
3928,DB13977
3929,DB13979
3930,DB13981
3931,DB13984
3932,DB13985
3933,DB13989
3934,DB13993
3935,DB13995
3936,DB13996
3937,DB13997
3938,DB13999
3939,DB14001
3940,DB14002
3941,DB14003
3942,DB14004
3943,DB14006
3944,DB14007
3945,DB14009
3946,DB14010
3947,DB14011
3948,DB14012
3949,DB14015
3950,DB14016
3951,DB14018
3952,DB14019
3953,DB14022
3954,DB14025
3955,DB14026
3956,DB14027
3957,DB14028
3958,DB14029
3959,DB14031
3960,DB14033
3961,DB14035
3962,DB14039
3963,DB14040
3964,DB14041
3965,DB14042
3966,DB14043
3967,DB14048
3968,DB14049
3969,DB14050
3970,DB14051
3971,DB14052
3972,DB14055
3973,DB14056
3974,DB14057
3975,DB14058
3976,DB14059
3977,DB14060
3978,DB14063
3979,DB14064
3980,DB14065
3981,DB14066
3982,DB14067
3983,DB14068
3984,DB14069
3985,DB14071
3986,DB14074
3987,DB14093
3988,DB14094
3989,DB14125
3990,DB14126
3991,DB14132
3992,DB14184
3993,DB14185
3994,DB14186
3995,DB14193
3996,DB14194
3997,DB14207
3998,DB14208
3999,DB14209
4000,DB14210
4001,DB14211
4002,DB14213
4003,DB14217
4004,DB14219
4005,DB14231
4006,DB14232
4007,DB14240
4008,DB14256
4009,DB14337
4010,DB14384
4011,DB14385
4012,DB14394
4013,DB14409
4014,DB14443
4015,DB14445
4016,DB14449
4017,DB14473
4018,DB14476
4019,DB14479
4020,DB14481
4021,DB14482
4022,DB14483
4023,DB14484
4024,DB14485
4025,DB14486
4026,DB14487
4027,DB14488
4028,DB14489
4029,DB14490
4030,DB14491
4031,DB14492
4032,DB14493
4033,DB14498
4034,DB14499
4035,DB14500
4036,DB14502
4037,DB14503
4038,DB14504
4039,DB14506
4040,DB14507
4041,DB14509
4042,DB14512
4043,DB14513
4044,DB14514
4045,DB14515
4046,DB14516
4047,DB14517
4048,DB14519
4049,DB14520
4050,DB14521
4051,DB14523
4052,DB14526
4053,DB14527
4054,DB14528
4055,DB14529
4056,DB14530
4057,DB14533
4058,DB14538
4059,DB14539
4060,DB14540
4061,DB14541
4062,DB14542
4063,DB14543
4064,DB14544
4065,DB14545
4066,DB14546
4067,DB14547
4068,DB14548
4069,DB14562
4070,DB14568
4071,DB14569
4072,DB14570
4073,DB14575
4074,DB14577
4075,DB14579
4076,DB14580
4077,DB14583
4078,DB14585
4079,DB14596
4080,DB14597
4081,DB14598
4082,DB14600
4083,DB14619
4084,DB14620
4085,DB14627
4086,DB14631
4087,DB14633
4088,DB14634
4089,DB14635
4090,DB14642
4091,DB14643
4092,DB14644
4093,DB14646
4094,DB14651
4095,DB14652
4096,DB14655
4097,DB14659
4098,DB14669
4099,DB14672
4100,DB14678
4101,DB14679
4102,DB14680
4103,DB14681
4104,DB14684
4105,DB14685
4106,DB14695
4107,DB14700
4108,DB14707
4109,DB14708
4110,DB14711
4111,DB14712
4112,DB14713
4113,DB14715
4114,DB14718
4115,DB14719
4116,DB14723
4117,DB14724
4118,DB14725
4119,DB14726
4120,DB14730
4121,DB14731
4122,DB14733
4123,DB14737
4124,DB14738
4125,DB14740
4126,DB14752
4127,DB14754
4128,DB14762
4129,DB14763
4130,DB14765
4131,DB14776
4132,DB14777
4133,DB14778
4134,DB14783
4135,DB14784
4136,DB14792
4137,DB14809
4138,DB14811
4139,DB14813
4140,DB14824
4141,DB14843
4142,DB14844
4143,DB14860
4144,DB14864
4145,DB14865
4146,DB14871
4147,DB14877
4148,DB14891
4149,DB14897
4150,DB14905
4151,DB14906
4152,DB14907
4153,DB14908
4154,DB14919
4155,DB14930
4156,DB14936
4157,DB14938
4158,DB14947
4159,DB14951
4160,DB14952
4161,DB14959
4162,DB14962
4163,DB14963
4164,DB14967
4165,DB14975
4166,DB14988
4167,DB14997
4168,DB14999
4169,DB15014
4170,DB15022
4171,DB15035
4172,DB15044
4173,DB15045
4174,DB15051
4175,DB15057
4176,DB15066
4177,DB15076
4178,DB15089
4179,DB15090
4180,DB15091
4181,DB15093
4182,DB15095
4183,DB15101
4184,DB15104
4185,DB15112
4186,DB15113
4187,DB15118
4188,DB15119
4189,DB15120
4190,DB15122
4191,DB15130
4192,DB15131
4193,DB15135
4194,DB15157
4195,DB15160
4196,DB15167
4197,DB15171
4198,DB15172
4199,DB15192
4200,DB15193
4201,DB15197
4202,DB15203
4203,DB15206
4204,DB15213
4205,DB15215
4206,DB15217
4207,DB15225
4208,DB15233
4209,DB15245
4210,DB15246
4211,DB15252
4212,DB15253
4213,DB15263
4214,DB15274
4215,DB15277
4216,DB15289
4217,DB15290
4218,DB15300
4219,DB15317
4220,DB15321
4221,DB15328
4222,DB15332
4223,DB15334
4224,DB15335
4225,DB15336
4226,DB15349
4227,DB15351
4228,DB15354
4229,DB15357
4230,DB15360
4231,DB15363
4232,DB15366
4233,DB15381
4234,DB15383
4235,DB15394
4236,DB15397
4237,DB15409
4238,DB15415
4239,DB15419
4240,DB15427
4241,DB15428
4242,DB15432
4243,DB15441
4244,DB15443
4245,DB15444
4246,DB15445
4247,DB15453
4248,DB15461
4249,DB15465
4250,DB15466
4251,DB15477
4252,DB15478
4253,DB15483
4254,DB15488
4255,DB15492
4256,DB15494
4257,DB15528
4258,DB15559
4259,DB15565
4260,DB15566
4261,DB15593
4262,DB15595
4263,DB15598
4264,DB15617
4265,DB15623
4266,DB15657
